{
  "title": "RealityMix properties",
  "description": "Properties for flat scraping.",
  "type": "object",
  "schemaVersion": 1,
  "properties": {
    "state": {
      "title": "State",
      "type": "string",
      "description": "The state in Czech",
      "editor": "select",
      "default": "Praha",
      "enum": ["Praha", "Jihočeský kraj", "Jihomoravský kraj", "Karlovarský kraj", "Královéhradecký kraj", "Liberecký kraj", "Moravskoslezský kraj", "Olomoucký kraj", "Pardubický kraj", "Plzeňský kraj", "Středočeský kraj", "Ústecký kraj", "Vysočina", "Zlínský kraj"]
    },
    "priceStart": {
      "title": "PriceRangeStart",
      "type": "integer",
      "description": "The lower bound of the price range.",
      "editor": "number"
    },
    "priceEnd": {
      "title": "PriceRangeEnd",
      "type": "integer",
      "description": "The upper bound of the price range.",
      "editor": "number"
    },
    "layout": {
      "title": "FlatLayout",
      "type": "string",
      "description": "The layout of the property.",
      "editor": "select",
      "default": "1+kk",
      "enum": ["1+kk", "1+1", "2+kk", "2+1", "3+kk", "3+1", "4+kk", "5+kk", "5+1", "6+kk", "6+1", "7+kk", "7+1", "Atypický", "Jiný"]
    },
    "advertType": {
      "title": "AdvertisementType",
      "type": "string",
      "description": "The type of the advertisement",
      "editor": "select",
      "default": "Vše",
      "enum": ["Prodej", "Pronájem", "Vše"]
    },
    "buildingType": {
      "title": "BuildingType",
      "type": "string",
      "description": "The type of the building",
      "editor": "select",
      "default": "Byty",
      "enum": ["Byty"]
    },
    "areaFrom": {
      "title": "AreaRangeFrom",
      "type": "integer",
      "description": "The lower bound of the m2 area.",
      "editor": "number"
    },
    "areaTo": {
      "title": "AreaRangeTo",
      "type": "integer",
      "description": "The upper bound of the m2 area.",
      "editor": "number"
    },
    "levelFrom": {
      "title": "FlatLevelRangeFrom",
      "type": "integer",
      "description": "The lower bound of the level on which the flat should be located.",
      "editor": "number"
    },
    "levelTo": {
      "title": "FlatLevelRangeTo",
      "type": "integer",
      "description": "The upper bound of the level on which the flat should be located.",
      "editor": "number"
    },
    "ownershipType": {
      "title": "OwnershipType",
      "type": "string",
      "description": "The type of the ownership.",
      "editor": "select",
      "default": "osobní vlastnictví",
      "enum": ["osobní vlastnictví", "družstevní vlastnictví", "jiné vlastnictví"]
    }
  },
  "required": [
    "state",
    "layout",
    "advertType",
    "buildingType",
    "ownershipType"
  ]
}